{
  "results": [
    {
      "command": "buildLinux/bin/PIC++Main inputFiles/benchmarkFiles/timestepDOE/file2.json",
      "mean": 2.6987031142799998,
      "stddev": 0.015737957742867965,
      "median": 2.69783086158,
      "user": 2.55359736,
      "system": 0.10397737999999998,
      "min": 2.67711973658,
      "max": 2.72020584258,
      "times": [
        2.71479438958,
        2.69661724358,
        2.70979816258,
        2.71455737458,
        2.67726718258,
        2.67711973658,
        2.68681678258,
        2.6908099485799997,
        2.69904447958,
        2.72020584258
      ],
      "exit_codes": [
        0,
        0,
        0,
        0,
        0,
        0,
        0,
        0,
        0,
        0
      ]
    }
  ]
}
