{
  "results": [
    {
      "command": "buildLinux/bin/PIC++Main inputFiles/benchmarkFiles/timestepDOE/file1.json",
      "mean": 1.4325890022799999,
      "stddev": 0.09071709860800234,
      "median": 1.3951998907799998,
      "user": 1.33286406,
      "system": 0.06098340000000001,
      "min": 1.3481999307799999,
      "max": 1.63003750378,
      "times": [
        1.48273926578,
        1.63003750378,
        1.46202008978,
        1.51879534978,
        1.3481999307799999,
        1.35593340878,
        1.35665913778,
        1.38110555478,
        1.38980227678,
        1.40059750478
      ],
      "exit_codes": [
        0,
        0,
        0,
        0,
        0,
        0,
        0,
        0,
        0,
        0
      ]
    }
  ]
}
