{
  "results": [
    {
      "command": "buildLinux/bin/PIC++Main inputFiles/benchmarkFiles/timestepDOE/file5.json",
      "mean": 7.070090972459999,
      "stddev": 0.10733431132448752,
      "median": 7.0424537554599995,
      "user": 6.761756060000001,
      "system": 0.26981142,
      "min": 6.958535339959999,
      "max": 7.3162612529599995,
      "times": [
        7.3162612529599995,
        6.958535339959999,
        6.9849304839599995,
        7.07153009096,
        7.180466163959999,
        7.04672442196,
        7.00056161696,
        7.00635542296,
        7.0381830889599994,
        7.09736184196
      ],
      "exit_codes": [
        0,
        0,
        0,
        0,
        0,
        0,
        0,
        0,
        0,
        0
      ]
    }
  ]
}
