{
  "results": [
    {
      "command": "buildLinux/bin/PIC++Main inputFiles/benchmarkFiles/timestepDOE/file3.json",
      "mean": 4.13972224676,
      "stddev": 0.07448784722411197,
      "median": 4.12702629366,
      "user": 3.9295674999999997,
      "system": 0.1699565,
      "min": 4.04664524366,
      "max": 4.25647913966,
      "times": [
        4.04664524366,
        4.05533878166,
        4.23569663466,
        4.18161564166,
        4.07451561966,
        4.15010763866,
        4.10394494866,
        4.25647913966,
        4.10271453766,
        4.1901642816599995
      ],
      "exit_codes": [
        0,
        0,
        0,
        0,
        0,
        0,
        0,
        0,
        0,
        0
      ]
    }
  ]
}
