{
  "results": [
    {
      "command": "buildLinux/bin/PIC++Main inputFiles/benchmarkFiles/timestepDOE/file4.json",
      "mean": 5.5742592781399996,
      "stddev": 0.03886890462783098,
      "median": 5.5789017559400005,
      "user": 5.315549900000001,
      "system": 0.21817236,
      "min": 5.48819141344,
      "max": 5.623904303440001,
      "times": [
        5.48819141344,
        5.60327449444,
        5.57229783344,
        5.57715672644,
        5.53417291744,
        5.566438333440001,
        5.6005158254400005,
        5.623904303440001,
        5.59599414844,
        5.58064678544
      ],
      "exit_codes": [
        0,
        0,
        0,
        0,
        0,
        0,
        0,
        0,
        0,
        0
      ]
    }
  ]
}
